<?xml version="1.0" encoding="UTF-8"?>
<beans xmlns="http://www.springframework.org/schema/beans"
       xmlns:xsi="http://www.w3.org/2001/XMLSchema-instance" xmlns:aop="http://www.springframework.org/schema/aop"
       xsi:schemaLocation="http://www.springframework.org/schema/beans http://www.springframework.org/schema/beans/spring-beans.xsd http://www.springframework.org/schema/aop http://www.springframework.org/schema/aop/spring-aop.xsd">

    <bean id="library" class="JavaBookLibrary">
        <constructor-arg>
            <list>
                <bean id="first" class="Book">
                    <constructor-arg>
                        <value>top</value>
                    </constructor-arg>
                </bean>
                <bean id="second" class="Book">
                    <constructor-arg>
                        <value>top</value>
                    </constructor-arg>
                </bean>
                <bean id="third" class="Book">
                    <constructor-arg>
                        <value>hello</value>
                    </constructor-arg>
                </bean>
                <bean id="fourth" class="Book">
                    <constructor-arg>
                        <value>world</value>
                    </constructor-arg>
                </bean>
            </list>
        </constructor-arg>
    </bean>


    <bean id="client" class="BookReader">
        <constructor-arg ref="library"/>
    </bean>

</beans>